Strategy,Total Return (%),Annualized Return (%),Volatility (%),Max Drawdown (%),Sharpe Ratio,Sortino Ratio,Calmar Ratio
BTC Hold,251.3360299593473,52.18268583980612,41.223905689348875,39.10738067225187,1.2173200234341683,2.0967040368496344,1.3343436697316746
HRP,169.19553426618143,39.224810514387684,48.66884378002361,50.7134742621139,0.7648591506023574,1.2599882709481787,0.7734593435987691
Momentum-HRP,129.9099790578799,34.188911195231356,49.402775491597374,53.49427356744454,0.6515607852985137,1.0633425292766059,0.6391134772982129
Momentum-Weighted HRP,127.54611434818845,31.62021769768877,48.68218854501149,50.554821583741116,0.608440552550384,0.9674860989985613,0.6254639361215373
Equal Weight,70.27424533236184,19.465777114310036,50.039535257956636,56.20702774301019,0.3490395549093925,0.5504836242980067,0.3463228335664977
Momentum,70.27424533236184,19.465777114310036,50.039535257956636,56.20702774301019,0.3490395549093925,0.5504836242980066,0.3463228335664977
